Path,Checkpoint Name,Link
diffusion_models,flux-2-klein-4b-nvfp4.safetensors,https://huggingface.co/black-forest-labs/FLUX.2-klein-4b-nvfp4/resolve/main/flux-2-klein-4b-nvfp4.safetensors
diffusion_models,flux-2-klein-9b-nvfp4.safetensors,https://huggingface.co/black-forest-labs/FLUX.2-klein-9b-nvfp4/resolve/main/flux-2-klein-9b-nvfp4.safetensors
diffusion_models,z-image-turbo-fp8-e4m3fn.safetensors,https://huggingface.co/T5B/Z-Image-Turbo-FP8/resolve/main/z-image-turbo-fp8-e4m3fn.safetensors
vae,flux2-vae.safetensors,https://huggingface.co/Comfy-Org/flux2-dev/resolve/main/split_files/vae/flux2-vae.safetensors
vae,full_encoder_small_decoder.safetensors,https://huggingface.co/Comfy-Org/flux2-dev/resolve/main/split_files/vae/flux2-vae.safetensors
vae,ae.safetensors,https://huggingface.co/Comfy-Org/z_image_turbo/blob/main/split_files/vae/ae.safetensors
text_encoders,qwen_3_4b.safetensors,https://huggingface.co/Comfy-Org/z_image_turbo/resolve/main/split_files/text_encoders/qwen_3_4b.safetensors
diffusion_models,krea2_turbo_int8_convrot.safetensors,https://huggingface.co/Comfy-Org/Krea-2/resolve/main/diffusion_models/krea2_turbo_int8_convrot.safetensors
diffusion_models,krea2_turbo_nvfp4.safetensors,https://huggingface.co/Comfy-Org/Krea-2/resolve/main/diffusion_models/krea2_turbo_nvfp4.safetensors
text_encoders,qwen3vl_4b_fp8_scaled.safetensors,https://huggingface.co/Comfy-Org/Krea-2/resolve/main/text_encoders/qwen3vl_4b_fp8_scaled.safetensors
loras,krea2_identity_edit_v1_2.safetensors,https://huggingface.co/conradlocke/krea2-identity-edit/resolve/main/krea2_identity_edit_v1_2.safetensors
loras,krea2_t2i_360_erp_lora_v1.safetensors,https://huggingface.co/mickmumpitz/Krea2-360-ERP-LoRAs/resolve/main/krea2_t2i_360_erp_lora_v1.safetensors
loras,krea2_oedit_360_erp_outpaint_lora_v1,https://huggingface.co/mickmumpitz/Krea2-360-ERP-LoRAs/resolve/main/krea2_oedit_360_erp_outpaint_lora_v1.safetensors
vae,qwen_image_vae.safetensors,https://huggingface.co/Comfy-Org/Krea-2/resolve/main/vae/qwen_image_vae.safetensors
diffusion_models,qwen_image_2.1_int8_convrot.safetensors,https://huggingface.co/Comfy-Org/Qwen-Image-2.1/resolve/main/diffusion_models/qwen_image_2.1_int8_convrot.safetensors
text_encoders,qwen3vl_8b_int8_convrot.safetensors,https://huggingface.co/Comfy-Org/Qwen-Image-2.1/resolve/main/text_encoders/qwen3vl_8b_int8_convrot.safetensors
text_encoders,qwen3.5_9b_qwen_image_2.1_pe_i2i.int8_convrot.safetensors,https://huggingface.co/Comfy-Org/Qwen-Image-2.1/resolve/main/text_encoders/qwen3.5_9b_qwen_image_2.1_pe_i2i.int8_convrot.safetensors
vae,qwen_image_2.1_vae_bf16.safetensors,https://huggingface.co/Comfy-Org/Qwen-Image-2.1/resolve/main/vae/qwen_image_2.1_vae_bf16.safetensors
diffusion_models,seedvr2_7b_nvfp4.safetensors,https://huggingface.co/Comfy-Org/SeedVR2/resolve/main/diffusion_models/seedvr2_7b_nvfp4.safetensors
vae,seedvr2_ema_vae_fp16.safetensors,https://huggingface.co/Comfy-Org/SeedVR2/resolve/main/vae/seedvr2_ema_vae_fp16.safetensors